FormalSystem.Metalogic.BXCanonical.completeness	pcq	pinned:C2
FormalSystem.Metalogic.BXCanonical.completeness_dense	pcq	pinned:C2
FormalSystem.Metalogic.BXCanonical.completeness_ztime	pcq	pinned:C2
FormalSystem.Metalogic.BXCanonical.Chronicle.countermodel_dense	pcq	pinned:C2
FormalSystem.Metalogic.Decidability.sound_of_isValid	pcq	pinned:C14
FormalSystem.Metalogic.completeness_rtime	pcq	pinned:C14
FormalSystem.Metalogic.strongCompletenessBase	pcq	pinned:C14
FormalSystem.Metalogic.strongCompletenessDense	pcq	pinned:C14
FormalSystem.Metalogic.semantic_deduction_in	pcq	pinned:C14
FormalSystem.Metalogic.soundness_consequence	pcq	pinned:C14
FormalSystem.Metalogic.soundness_setConsequence	pcq	pinned:C14
FormalSystem.Metalogic.strongCompleteness_of_compact	pcq	pinned:C14
FormalSystem.Metalogic.setConsequence_of_not_satisfiable	`[propext]`	pinned:C14
FormalSystem.Metalogic.compact_of_strongCompleteness	pcq	pinned:C14
FormalSystem.Metalogic.strongCompleteness_iff_compact	pcq	pinned:C14
FormalSystem.Metalogic.not_compact_of_witness	pcq	pinned:C14
FormalSystem.Metalogic.not_strongCompleteness_of_witness	pcq	pinned:C14
FormalSystem.Metalogic.compact_of_modelExistence	pcq	pinned:C14
FormalSystem.Metalogic.modelExistence_of_compact	pcq	pinned:C14
FormalSystem.Metalogic.compact_iff_modelExistence	pcq	pinned:C14
FormalSystem.Metalogic.consequence_completeness_base	pcq	pinned:C14
FormalSystem.Metalogic.completeness_base	pcq	pinned:C14
FormalSystem.Metalogic.soundness_base_consequence	pcq	pinned:C14
FormalSystem.Metalogic.consequence_completeness_dense	pcq	pinned:C14
FormalSystem.Metalogic.completeness_dense	pcq	pinned:C14
FormalSystem.Metalogic.soundness_dense_consequence	pcq	pinned:C14
FormalSystem.Metalogic.consequence_completeness_ztime	pcq	pinned:C14
FormalSystem.Metalogic.completeness_ztime	pcq	pinned:C14
FormalSystem.Metalogic.soundness_ztime_consequence	pcq	pinned:C14
FormalSystem.Metalogic.sat_ofModel_frame	pcq	pinned:C14
FormalSystem.Metalogic.modelExistence_of_satPreserved	pcq	pinned:C14
FormalSystem.Metalogic.modelExistenceBase	pcq	pinned:C14
FormalSystem.Metalogic.modelExistenceDense	pcq	pinned:C14
FormalSystem.Metalogic.compactBase	pcq	pinned:C14
FormalSystem.Metalogic.compactDense	pcq	pinned:C14
FormalSystem.Metalogic.truthAt_next_iff	pcq	pinned:C14
FormalSystem.Metalogic.truthAt_next_iterate	pcq	pinned:C14
FormalSystem.Metalogic.archWitness_finitely_satisfiable	pcq	pinned:C14
FormalSystem.Metalogic.archWitness_not_satisfiable	pcq	pinned:C14
FormalSystem.Metalogic.notStrongCompletenessZTime	pcq	pinned:C14
FormalSystem.Metalogic.qDepth_qAlpha	`[propext, Quot.sound]`	pinned:C14
FormalSystem.Metalogic.dedWitness_core	pcq	pinned:C14
FormalSystem.Metalogic.dedWitness_not_satisfiable	pcq	pinned:C14
FormalSystem.Metalogic.dedWitness_finitely_satisfiable	pcq	pinned:C14
FormalSystem.Metalogic.notStrongCompletenessRTime	pcq	pinned:C14
FormalSystem.Metalogic.modelExistenceRTime_refuted	pcq	pinned:C14
FormalSystem.Metalogic.tmComplete_iff_forward	pcq	pinned:C14
FormalSystem.Metalogic.tmCompleteBase_iff_forwardBase	pcq	pinned:C14
FormalSystem.Metalogic.tmCompleteZTime_iff_forwardZTime	pcq	pinned:C14
FormalSystem.Metalogic.tmCompleteDense_iff_forwardDense	pcq	pinned:C14
FormalSystem.Metalogic.tmCompleteRTime_iff_forwardRTime	pcq	pinned:C14
FormalSystem.Metalogic.qAlpha_step	pcq	pinned:C14
FormalSystem.Metalogic.exists_strictMono_qPoints	pcq	pinned:C14
FormalSystem.Metalogic.setConsequence_iff_not_satisfiable	pcq	pinned:C14
FormalSystem.Metalogic.satisfiableSet_iff_finitelySatisfiable	`[propext]`	pinned:C14
FormalSystem.Metalogic.modelExistence_iff_finitelySatisfiable	`[propext]`	pinned:C14
FormalSystem.Metalogic.soundness	pcq	pinned:C14
FormalSystem.Metalogic.soundness_dense	pcq	pinned:C14
FormalSystem.Metalogic.soundness_ztime	pcq	pinned:C14
FormalSystem.Metalogic.soundness_rtime	pcq	pinned:C14
FormalSystem.Metalogic.WeakCanonical.countermodel_discrete	pcq	pinned:C14
FormalSystem.Metalogic.notCompactZTime	pcq	pinned:C14
FormalSystem.Metalogic.notCompactRTime	pcq	pinned:C14
FormalSystem.Semantics.truthAt_tr	pcq	pinned:C14
FormalSystem.Metalogic.bl_soundness	pcq	pinned:C14
FormalSystem.Metalogic.bl_soundness_dense	pcq	pinned:C14
FormalSystem.Metalogic.bl_soundness_ztime	pcq	pinned:C14
FormalSystem.Metalogic.bl_soundness_rtime	pcq	pinned:C14
FormalSystem.Metalogic.bl_not_derivable_nil_bot	pcq	pinned:C14
FormalSystem.Metalogic.bl_not_derivable_nil_bot_ztime	pcq	pinned:C14
FormalSystem.Metalogic.Conservativity.translate	pcq	pinned:C14
FormalSystem.Metalogic.Conservativity.derivable_translate	pcq	pinned:C14
FormalSystem.Metalogic.Conservativity.ceb_backward	pcq	pinned:C14
FormalSystem.Metalogic.Conservativity.cef_backward	pcq	pinned:C14
FormalSystem.Metalogic.Conservativity.ced_backward	pcq	pinned:C14
FormalSystem.Metalogic.Conservativity.cec_backward	pcq	pinned:C14
FormalSystem.Metalogic.Conservativity.TMFrag	`[propext]`	pinned:C14
FormalSystem.Metalogic.Conservativity.tmFrag_sound	pcq	pinned:C14
FormalSystem.Metalogic.Conservativity.tmFrag_complete	pcq	pinned:C14
FormalSystem.Metalogic.Conservativity.tmFrag_complete_base	pcq	pinned:C14
FormalSystem.Metalogic.Conservativity.tmFrag_complete_dense	pcq	pinned:C14
FormalSystem.Metalogic.Conservativity.tmFrag_complete_ztime	pcq	pinned:C14
FormalSystem.Metalogic.Conservativity.tmFrag_complete_rtime	pcq	pinned:C14
FormalSystem.Metalogic.Conservativity.tm_le_tmFrag	pcq	pinned:C14
FormalSystem.Metalogic.Conservativity.tm_lt_tmFrag_ztime	pcq	pinned:C14
FormalSystem.Metalogic.Conservativity.blCompactBase	pcq	pinned:C14
FormalSystem.Metalogic.Conservativity.blCompactDense	pcq	pinned:C14
FormalSystem.Metalogic.Conservativity.star_soundness_validIn	pcq	pinned:C14
FormalSystem.Metalogic.Conservativity.starDerivable_ofFormula_iff	pcq	pinned:C14
FormalSystem.Semantics.starValidIn_ofFormula_iff	`[propext]`	pinned:C14
FormalSystem.Metalogic.Decidability.decide	pcq	pinned:C14
FormalSystem.Semantics.galoisClosed_mod	`[propext]`	pinned:C14
FormalSystem.Semantics.galoisClosed_of_indicator	pcq	pinned:C14
FormalSystem.Semantics.galoisClosed_sat_dense	pcq	pinned:C14
FormalSystem.Semantics.galoisClosed_isDiscrete	pcq	pinned:C14
FormalSystem.Semantics.validOn_nextTop_iff	pcq	pinned:C14
FormalSystem.Semantics.validOn_nextTop_iff_isDiscrete	pcq	pinned:C14
FormalSystem.Metalogic.Independence.sat_rtime_ssubset_mod_axiomSet	pcq	pinned:C14
FormalSystem.Metalogic.Independence.sat_ztime_ssubset_mod_axiomSet	pcq	pinned:C14
FormalSystem.Metalogic.Independence.deterministic_not_starDefinable	pcq	pinned:C14
FormalSystem.Metalogic.WeakCanonical.Kamp.kampPriorExpressiveCompleteness	pcq	pinned:C14
FormalSystem.Metalogic.WeakCanonical.uSExpressivelyCompleteOverPrior	pcq	pinned:C14
FormalSystem.Metalogic.consequence_completeness_rtime	pcq	pinned:C14
FormalSystem.Metalogic.BXCanonical.completeness_rtime_engine	pcq	pinned:C14
FormalSystem.Metalogic.BXCanonical.countermodel_dedekind_dense	pcq	pinned:C14
